Paper_ID,DOI,Source,Cultivar,Gene_Target,Modification_Type,Genotype_Line,Stomatal_Density_mm2,WT_Stomatal_Density_mm2,Relative_Stomatal_Reduction_Pct,Photosynthetic_Rate_A,A_Source,Stomatal_Conductance_gs,WUE_intrinsic,CO2_ppm,PPFD_umol,Temperature_C,RH_Pct,Water_Treatment,Extraction_Method,VPD_kPa,VPD_x_Reduction,PPFD_x_Reduction,Reduction_Squared,Is_Drought,Study_Karavolias2023,Study_Karavolias2024
Caine2019,10.1111/nph.15344,Fig3a_3b,IR64,OsEPF1,Overexpression,IR64 Control,165.1,165.1,0.0,30.06252415706068,digitized,0.4936813186813186,60.89459539883188,450.0,1000.0,30.0,60.0,Well_Watered,WebPlotDigitizer,1.6972260235036054,0.0,0.0,0.0,0,0,0
Caine2019,10.1111/nph.15344,Fig3a_3b,IR64,OsEPF1,Overexpression,IR64 Control,165.1,165.1,0.0,29.6480647826054,digitized,0.4814713064713064,61.578051244414695,450.0,1000.0,30.0,60.0,Well_Watered,WebPlotDigitizer,1.6972260235036054,0.0,0.0,0.0,0,0,0
Caine2019,10.1111/nph.15344,Fig3a_3b,IR64,OsEPF1,Overexpression,IR64 Control,165.1,165.1,0.0,28.759937551629797,digitized,0.4631562881562881,62.09553510784896,450.0,1000.0,30.0,60.0,Well_Watered,WebPlotDigitizer,1.6972260235036054,0.0,0.0,0.0,0,0,0
Caine2019,10.1111/nph.15344,Fig3a_3b,IR64,OsEPF1,Overexpression,IR64 Control,165.1,165.1,0.0,27.69418487445907,digitized,0.428052503052503,64.69810286581183,450.0,1000.0,30.0,60.0,Well_Watered,WebPlotDigitizer,1.6972260235036054,0.0,0.0,0.0,0,0,0
Caine2019,10.1111/nph.15344,Fig3a_3b,IR64,OsEPF1,Overexpression,IR64 Control,165.1,165.1,0.0,27.042891571743624,digitized,0.4219474969474969,64.09065527673596,450.0,1000.0,30.0,60.0,Well_Watered,WebPlotDigitizer,1.6972260235036054,0.0,0.0,0.0,0,0,0
Caine2019,10.1111/nph.15344,Fig3a_3b,IR64,OsEPF1,Overexpression,OsEPF1oeW,69.342,165.1,58.00000000000001,30.38817080841841,digitized,0.3135836385836385,96.90611074503916,450.0,1000.0,30.0,60.0,Well_Watered,WebPlotDigitizer,1.6972260235036054,98.43910936320913,58.00000000000001,3364.000000000001,0,0,0
Caine2019,10.1111/nph.15344,Fig3a_3b,IR64,OsEPF1,Overexpression,OsEPF1oeW,69.342,165.1,58.00000000000001,28.99677147988995,digitized,0.3387667887667888,85.59508322951835,450.0,1000.0,30.0,60.0,Well_Watered,WebPlotDigitizer,1.6972260235036054,98.43910936320913,58.00000000000001,3364.000000000001,0,0,0
Caine2019,10.1111/nph.15344,Fig3a_3b,IR64,OsEPF1,Overexpression,OsEPF1oeW,69.342,165.1,58.00000000000001,26.450806751093225,digitized,0.3937118437118437,67.18316244113925,450.0,1000.0,30.0,60.0,Well_Watered,WebPlotDigitizer,1.6972260235036054,98.43910936320913,58.00000000000001,3364.000000000001,0,0,0
Caine2019,10.1111/nph.15344,Fig3a_3b,IR64,OsEPF1,Overexpression,OsEPF1oeW,69.342,165.1,58.00000000000001,25.059407422564774,digitized,0.4524725274725273,55.38326837773881,450.0,1000.0,30.0,60.0,Well_Watered,WebPlotDigitizer,1.6972260235036054,98.43910936320913,58.00000000000001,3364.000000000001,0,0,0
Caine2019,10.1111/nph.15344,Fig3a_3b,IR64,OsEPF1,Overexpression,OsEPF1oeW,69.342,165.1,58.00000000000001,24.082467468491615,digitized,0.4532356532356532,53.13453894583684,450.0,1000.0,30.0,60.0,Well_Watered,WebPlotDigitizer,1.6972260235036054,98.43910936320913,58.00000000000001,3364.000000000001,0,0,0
Caine2019,10.1111/nph.15344,Fig3a_3b,IR64,OsEPF1,Overexpression,OsEPF1oeS,19.812,165.1,88.0,27.338933982068824,digitized,0.4417887667887668,61.88236559473327,450.0,1000.0,30.0,60.0,Well_Watered,WebPlotDigitizer,1.6972260235036054,149.35589006831728,88.0,7744.0,0,0,0
Caine2019,10.1111/nph.15344,Fig3a_3b,IR64,OsEPF1,Overexpression,OsEPF1oeS,19.812,165.1,88.0,26.450806751093225,digitized,0.4059218559218558,65.162312315071,450.0,1000.0,30.0,60.0,Well_Watered,WebPlotDigitizer,1.6972260235036054,149.35589006831728,88.0,7744.0,0,0,0
Caine2019,10.1111/nph.15344,Fig3a_3b,IR64,OsEPF1,Overexpression,OsEPF1oeS,19.812,165.1,88.0,24.526531083979418,digitized,0.3578449328449328,68.5395511653302,450.0,1000.0,30.0,60.0,Well_Watered,WebPlotDigitizer,1.6972260235036054,149.35589006831728,88.0,7744.0,0,0,0
Caine2019,10.1111/nph.15344,Fig3a_3b,IR64,OsEPF1,Overexpression,OsEPF1oeS,19.812,165.1,88.0,23.135131755450967,digitized,0.3196886446886446,72.36769944701363,450.0,1000.0,30.0,60.0,Well_Watered,WebPlotDigitizer,1.6972260235036054,149.35589006831728,88.0,7744.0,0,0,0
Caine2019,10.1111/nph.15344,Fig3a_3b,IR64,OsEPF1,Overexpression,OsEPF1oeS,19.812,165.1,88.0,21.891753632085123,digitized,0.3181623931623931,68.80685493496199,450.0,1000.0,30.0,60.0,Well_Watered,WebPlotDigitizer,1.6972260235036054,149.35589006831728,88.0,7744.0,0,0,0
Karavolias2023,10.1093/plphys/kiad183,Fig2a_3a_3b,Nipponbare,OsSTOMAGEN,KO,Stomagen,74.06201405205371,346.9522583068399,78.6535431665776,2.2123837431519995,digitized,0.0679029782690897,32.58154206999054,400.0,50.0,28.0,65.0,Well_Watered,WebPlotDigitizer,1.3229756273983422,104.0567206179056,3.93267715832888,6186.379852656687,0,1,0
Karavolias2023,10.1093/plphys/kiad183,Fig2a_3a_3b,Nipponbare,OsSTOMAGEN,KO,Stomagen,74.06201405205371,346.9522583068399,78.6535431665776,4.6541450650254355,digitized,0.0959129429035344,48.52468211413759,400.0,100.0,28.0,65.0,Well_Watered,WebPlotDigitizer,1.3229756273983422,104.0567206179056,7.86535431665776,6186.379852656687,0,1,0
Karavolias2023,10.1093/plphys/kiad183,Fig2a_3a_3b,Nipponbare,OsSTOMAGEN,KO,Stomagen,74.06201405205371,346.9522583068399,78.6535431665776,8.173971206523126,digitized,0.1188805355991014,68.75785985763099,400.0,200.0,28.0,65.0,Well_Watered,WebPlotDigitizer,1.3229756273983422,104.0567206179056,15.73070863331552,6186.379852656687,0,1,0
Karavolias2023,10.1093/plphys/kiad183,Fig2a_3a_3b,Nipponbare,OsSTOMAGEN,KO,Stomagen,74.06201405205371,346.9522583068399,78.6535431665776,10.72797122612386,digitized,0.1393035877132499,77.01144961324972,400.0,300.0,28.0,65.0,Well_Watered,WebPlotDigitizer,1.3229756273983422,104.0567206179056,23.596062949973284,6186.379852656687,0,1,0
Karavolias2023,10.1093/plphys/kiad183,Fig2a_3a_3b,Nipponbare,OsSTOMAGEN,KO,Stomagen,74.06201405205371,346.9522583068399,78.6535431665776,13.10865176357596,digitized,0.1538790898374074,85.18799908049169,400.0,500.0,28.0,65.0,Well_Watered,WebPlotDigitizer,1.3229756273983422,104.0567206179056,39.3267715832888,6186.379852656687,0,1,0
Karavolias2023,10.1093/plphys/kiad183,Fig2a_3a_3b,Nipponbare,OsSTOMAGEN,KO,Stomagen,74.06201405205371,346.9522583068399,78.6535431665776,13.9537863716103,digitized,0.1566349340510243,89.08476551638738,400.0,750.0,28.0,65.0,Well_Watered,WebPlotDigitizer,1.3229756273983422,104.0567206179056,58.990157374933204,6186.379852656687,0,1,0
Karavolias2023,10.1093/plphys/kiad183,Fig2a_3a_3b,Nipponbare,OsSTOMAGEN,KO,Stomagen,74.06201405205371,346.9522583068399,78.6535431665776,14.117182982643552,digitized,0.1576892279632554,89.52534783119823,400.0,1000.0,28.0,65.0,Well_Watered,WebPlotDigitizer,1.3229756273983422,104.0567206179056,78.6535431665776,6186.379852656687,0,1,0
Karavolias2023,10.1093/plphys/kiad183,Fig2a_3a_3b,Nipponbare,OsSTOMAGEN,KO,Stomagen,74.06201405205371,346.9522583068399,78.6535431665776,14.45235551809638,digitized,0.1570130563402211,92.04556522217194,400.0,1200.0,28.0,65.0,Well_Watered,WebPlotDigitizer,1.3229756273983422,104.0567206179056,94.38425179989314,6186.379852656687,0,1,0
Karavolias2023,10.1093/plphys/kiad183,Fig2a_3a_3b,Nipponbare,OsSTOMAGEN,KO,Stomagen,74.06201405205371,346.9522583068399,78.6535431665776,14.21655869929536,digitized,0.1598111612802776,88.95848440999868,400.0,1500.0,28.0,65.0,Well_Watered,WebPlotDigitizer,1.3229756273983422,104.0567206179056,117.98031474986641,6186.379852656687,0,1,0
Karavolias2023,10.1093/plphys/kiad183,Fig2a_3a_3b,Nipponbare,OsSTOMAGEN,KO,Stomagen,74.06201405205371,346.9522583068399,78.6535431665776,14.884184168487906,digitized,0.1704030338753086,87.34694347859626,400.0,2000.0,28.0,65.0,Well_Watered,WebPlotDigitizer,1.3229756273983422,104.0567206179056,157.3070863331552,6186.379852656687,0,1,0
Karavolias2023,10.1093/plphys/kiad183,Fig2a_3a_3b,Nipponbare,OsEPFL10,KO,epfl10,288.8904906689032,346.9522583068399,16.73480032131326,1.8147338710467835,digitized,0.0475666718565804,38.151373644942794,400.0,50.0,28.0,65.0,Well_Watered,WebPlotDigitizer,1.3229756273983422,22.139732954475388,0.836740016065663,280.05354179422636,0,1,0
Karavolias2023,10.1093/plphys/kiad183,Fig2a_3a_3b,Nipponbare,OsEPFL10,KO,epfl10,288.8904906689032,346.9522583068399,16.73480032131326,3.631427815400301,digitized,0.0611701772726262,59.36598481994875,400.0,100.0,28.0,65.0,Well_Watered,WebPlotDigitizer,1.3229756273983422,22.139732954475388,1.673480032131326,280.05354179422636,0,1,0
Karavolias2023,10.1093/plphys/kiad183,Fig2a_3a_3b,Nipponbare,OsEPFL10,KO,epfl10,288.8904906689032,346.9522583068399,16.73480032131326,6.8672393347511225,digitized,0.0993894437153851,69.09425264936965,400.0,200.0,28.0,65.0,Well_Watered,WebPlotDigitizer,1.3229756273983422,22.139732954475388,3.346960064262652,280.05354179422636,0,1,0
Karavolias2023,10.1093/plphys/kiad183,Fig2a_3a_3b,Nipponbare,OsEPFL10,KO,epfl10,288.8904906689032,346.9522583068399,16.73480032131326,9.477983476582027,digitized,0.1215073733846393,78.0033607226359,400.0,300.0,28.0,65.0,Well_Watered,WebPlotDigitizer,1.3229756273983422,22.139732954475388,5.020440096393978,280.05354179422636,0,1,0
Karavolias2023,10.1093/plphys/kiad183,Fig2a_3a_3b,Nipponbare,OsEPFL10,KO,epfl10,288.8904906689032,346.9522583068399,16.73480032131326,13.279104638513482,digitized,0.1903189572721813,69.77289508539397,400.0,500.0,28.0,65.0,Well_Watered,WebPlotDigitizer,1.3229756273983422,22.139732954475388,8.36740016065663,280.05354179422636,0,1,0
Karavolias2023,10.1093/plphys/kiad183,Fig2a_3a_3b,Nipponbare,OsEPFL10,KO,epfl10,288.8904906689032,346.9522583068399,16.73480032131326,14.976503621235436,digitized,0.2184979648123846,68.54298910333172,400.0,750.0,28.0,65.0,Well_Watered,WebPlotDigitizer,1.3229756273983422,22.139732954475388,12.551100240984944,280.05354179422636,0,1,0
Karavolias2023,10.1093/plphys/kiad183,Fig2a_3a_3b,Nipponbare,OsEPFL10,KO,epfl10,288.8904906689032,346.9522583068399,16.73480032131326,15.424061859913564,digitized,0.2297259725527703,67.14113205623934,400.0,1000.0,28.0,65.0,Well_Watered,WebPlotDigitizer,1.3229756273983422,22.139732954475388,16.73480032131326,280.05354179422636,0,1,0
Karavolias2023,10.1093/plphys/kiad183,Fig2a_3a_3b,Nipponbare,OsEPFL10,KO,epfl10,288.8904906689032,346.9522583068399,16.73480032131326,15.986504895283089,digitized,0.2375219644565048,67.30537502863466,400.0,1200.0,28.0,65.0,Well_Watered,WebPlotDigitizer,1.3229756273983422,22.139732954475388,20.08176038557591,280.05354179422636,0,1,0
Karavolias2023,10.1093/plphys/kiad183,Fig2a_3a_3b,Nipponbare,OsEPFL10,KO,epfl10,288.8904906689032,346.9522583068399,16.73480032131326,16.26199319854563,digitized,0.2521819880335417,64.48514949601669,400.0,1500.0,28.0,65.0,Well_Watered,WebPlotDigitizer,1.3229756273983422,22.139732954475388,25.102200481969888,280.05354179422636,0,1,0
Karavolias2023,10.1093/plphys/kiad183,Fig2a_3a_3b,Nipponbare,OsEPFL10,KO,epfl10,288.8904906689032,346.9522583068399,16.73480032131326,17.27074492586023,digitized,0.2619286460997798,65.93683120585852,400.0,2000.0,28.0,65.0,Well_Watered,WebPlotDigitizer,1.3229756273983422,22.139732954475388,33.46960064262652,280.05354179422636,0,1,0
Karavolias2023,10.1093/plphys/kiad183,Fig2a_3a_3b,Nipponbare,Wild_Type,WT,Wild Type,346.9522583068399,346.9522583068399,0.0,1.701098621088434,digitized,0.0348550901932872,48.80488363837462,400.0,50.0,28.0,65.0,Well_Watered,WebPlotDigitizer,1.3229756273983422,0.0,0.0,0.0,0,1,0
Karavolias2023,10.1093/plphys/kiad183,Fig2a_3a_3b,Nipponbare,Wild_Type,WT,Wild Type,346.9522583068399,346.9522583068399,0.0,3.1200691905877314,digitized,0.048458595609333,64.38629001429034,400.0,100.0,28.0,65.0,Well_Watered,WebPlotDigitizer,1.3229756273983422,0.0,0.0,0.0,0,1,0
Karavolias2023,10.1093/plphys/kiad183,Fig2a_3a_3b,Nipponbare,Wild_Type,WT,Wild Type,346.9522583068399,346.9522583068399,0.0,6.41269833491773,digitized,0.0866778620520919,73.98311613943372,400.0,200.0,28.0,65.0,Well_Watered,WebPlotDigitizer,1.3229756273983422,0.0,0.0,0.0,0,1,0
Karavolias2023,10.1093/plphys/kiad183,Fig2a_3a_3b,Nipponbare,Wild_Type,WT,Wild Type,346.9522583068399,346.9522583068399,0.0,8.796171976831937,digitized,0.1113403323027648,79.00256623011275,400.0,300.0,28.0,65.0,Well_Watered,WebPlotDigitizer,1.3229756273983422,0.0,0.0,0.0,0,1,0
Karavolias2023,10.1093/plphys/kiad183,Fig2a_3a_3b,Nipponbare,Wild_Type,WT,Wild Type,346.9522583068399,346.9522583068399,0.0,13.392666385722828,digitized,0.1937087123823929,69.13817257369861,400.0,500.0,28.0,65.0,Well_Watered,WebPlotDigitizer,1.3229756273983422,0.0,0.0,0.0,0,1,0
Karavolias2023,10.1093/plphys/kiad183,Fig2a_3a_3b,Nipponbare,Wild_Type,WT,Wild Type,346.9522583068399,346.9522583068399,0.0,14.63559787136039,digitized,0.215953424230966,67.7720111337867,400.0,750.0,28.0,65.0,Well_Watered,WebPlotDigitizer,1.3229756273983422,0.0,0.0,0.0,0,1,0
Karavolias2023,10.1093/plphys/kiad183,Fig2a_3a_3b,Nipponbare,Wild_Type,WT,Wild Type,346.9522583068399,346.9522583068399,0.0,15.310353107206211,digitized,0.2263339931937988,67.64495642551006,400.0,1000.0,28.0,65.0,Well_Watered,WebPlotDigitizer,1.3229756273983422,0.0,0.0,0.0,0,1,0
Karavolias2023,10.1093/plphys/kiad183,Fig2a_3a_3b,Nipponbare,Wild_Type,WT,Wild Type,346.9522583068399,346.9522583068399,0.0,15.304619892783991,digitized,0.229047576680976,66.81851916774785,400.0,1200.0,28.0,65.0,Well_Watered,WebPlotDigitizer,1.3229756273983422,0.0,0.0,0.0,0,1,0
Karavolias2023,10.1093/plphys/kiad183,Fig2a_3a_3b,Nipponbare,Wild_Type,WT,Wild Type,346.9522583068399,346.9522583068399,0.0,16.14835794858728,digitized,0.2335383349273783,69.14649774140427,400.0,1500.0,28.0,65.0,Well_Watered,WebPlotDigitizer,1.3229756273983422,0.0,0.0,0.0,0,1,0
Karavolias2023,10.1093/plphys/kiad183,Fig2a_3a_3b,Nipponbare,Wild_Type,WT,Wild Type,346.9522583068399,346.9522583068399,0.0,17.04332742044553,digitized,0.2551491358793568,66.79751182267063,400.0,2000.0,28.0,65.0,Well_Watered,WebPlotDigitizer,1.3229756273983422,0.0,0.0,0.0,0,1,0
Karavolias2024,10.1111/pbi.14464,Fig1b_2a_2b_4a,Kitaake,OsSTOMAGEN,CDS_KO,Stomagen,79.08872901678657,369.736211031175,78.60941756388637,13.07519246317714,digitized_genotype_mean,0.0608108108108107,215.0142760611356,420.0,1500.0,29.0,60.0,Well_Watered,WebPlotDigitizer,1.6022710400343683,125.95359323658414,117.91412634582956,6179.440529733447,0,0,1
Karavolias2024,10.1111/pbi.14464,Fig1b_2a_2b_4a,Kitaake,OsSTOMAGEN,CDS_KO,Stomagen,79.08872901678657,369.736211031175,78.60941756388637,13.07519246317714,digitized_genotype_mean,0.1119691119691119,116.77499475734076,420.0,1500.0,29.0,60.0,Well_Watered,WebPlotDigitizer,1.6022710400343683,125.95359323658414,117.91412634582956,6179.440529733447,0,0,1
Karavolias2024,10.1111/pbi.14464,Fig1b_2a_2b_4a,Kitaake,OsSTOMAGEN,CDS_KO,Stomagen,79.08872901678657,369.736211031175,78.60941756388637,13.07519246317714,digitized_genotype_mean,0.1245173745173745,105.00697202985674,420.0,1500.0,29.0,60.0,Well_Watered,WebPlotDigitizer,1.6022710400343683,125.95359323658414,117.91412634582956,6179.440529733447,0,0,1
Karavolias2024,10.1111/pbi.14464,Fig1b_2a_2b_4a,Kitaake,OsSTOMAGEN,CDS_KO,Stomagen,79.08872901678657,369.736211031175,78.60941756388637,13.07519246317714,digitized_genotype_mean,0.1322393822393821,98.87517804271192,420.0,1500.0,29.0,60.0,Well_Watered,WebPlotDigitizer,1.6022710400343683,125.95359323658414,117.91412634582956,6179.440529733447,0,0,1
Karavolias2024,10.1111/pbi.14464,Fig1b_2a_2b_4a,Kitaake,OsSTOMAGEN,CDS_KO,Stomagen,79.08872901678657,369.736211031175,78.60941756388637,13.07519246317714,digitized_genotype_mean,0.1447876447876447,90.30599594567684,420.0,1500.0,29.0,60.0,Well_Watered,WebPlotDigitizer,1.6022710400343683,125.95359323658414,117.91412634582956,6179.440529733447,0,0,1
Karavolias2024,10.1111/pbi.14464,Fig1b_2a_2b_4a,Kitaake,OsSTOMAGEN,CDS_KO,Stomagen,79.08872901678657,369.736211031175,78.60941756388637,13.07519246317714,digitized_genotype_mean,0.1505791505791505,86.83268840930465,420.0,1500.0,29.0,60.0,Well_Watered,WebPlotDigitizer,1.6022710400343683,125.95359323658414,117.91412634582956,6179.440529733447,0,0,1
Karavolias2024,10.1111/pbi.14464,Fig1b_2a_2b_4a,Kitaake,OsSTOMAGEN,CDS_KO,Stomagen,79.08872901678657,369.736211031175,78.60941756388637,13.07519246317714,digitized_genotype_mean,0.193050193050193,67.7294969592576,420.0,1500.0,29.0,60.0,Well_Watered,WebPlotDigitizer,1.6022710400343683,125.95359323658414,117.91412634582956,6179.440529733447,0,0,1
Karavolias2024,10.1111/pbi.14464,Fig1b_2a_2b_4a,Kitaake,OsSTOMAGEN,CDS_KO,Stomagen,79.08872901678657,369.736211031175,78.60941756388637,13.07519246317714,digitized_genotype_mean,0.2065637065637065,63.2985952890258,420.0,1500.0,29.0,60.0,Well_Watered,WebPlotDigitizer,1.6022710400343683,125.95359323658414,117.91412634582956,6179.440529733447,0,0,1
Karavolias2024,10.1111/pbi.14464,Fig1b_2a_2b_4b,Kitaake,OsSTOMAGEN,CDS_KO,Stomagen,79.08872901678657,369.736211031175,78.60941756388637,11.644049720341416,estimated_regression,0.1207513416815741,96.42998212845718,420.0,1500.0,31.0,50.0,Drought,WebPlotDigitizer,2.2462961255592915,176.58003010623045,117.91412634582956,6179.440529733447,1,0,1
Karavolias2024,10.1111/pbi.14464,Fig1b_2a_2b_4b,Kitaake,OsSTOMAGEN,CDS_KO,Stomagen,79.08872901678657,369.736211031175,78.60941756388637,11.930442295286497,estimated_regression,0.1270125223613595,93.9312287755656,420.0,1500.0,31.0,50.0,Drought,WebPlotDigitizer,2.2462961255592915,176.58003010623045,117.91412634582956,6179.440529733447,1,0,1
Karavolias2024,10.1111/pbi.14464,Fig1b_2a_2b_4b,Kitaake,OsSTOMAGEN,CDS_KO,Stomagen,79.08872901678657,369.736211031175,78.60941756388637,11.971355520278651,estimated_regression,0.127906976744186,93.59423406763314,420.0,1500.0,31.0,50.0,Drought,WebPlotDigitizer,2.2462961255592915,176.58003010623045,117.91412634582956,6179.440529733447,1,0,1
Karavolias2024,10.1111/pbi.14464,Fig1b_2a_2b_4b,Kitaake,OsSTOMAGEN,CDS_KO,Stomagen,79.08872901678657,369.736211031175,78.60941756388637,12.953272920090344,estimated_regression,0.1493738819320214,86.71712050695217,420.0,1500.0,31.0,50.0,Drought,WebPlotDigitizer,2.2462961255592915,176.58003010623045,117.91412634582956,6179.440529733447,1,0,1
Karavolias2024,10.1111/pbi.14464,Fig1b_2a_2b_4b,Kitaake,OsSTOMAGEN,CDS_KO,Stomagen,79.08872901678657,369.736211031175,78.60941756388637,13.607884519964808,estimated_regression,0.163685152057245,83.13450761377412,420.0,1500.0,31.0,50.0,Drought,WebPlotDigitizer,2.2462961255592915,176.58003010623045,117.91412634582956,6179.440529733447,1,0,1
Karavolias2024,10.1111/pbi.14464,Fig1b_2a_2b_4b,Kitaake,OsSTOMAGEN,CDS_KO,Stomagen,79.08872901678657,369.736211031175,78.60941756388637,14.630715144768656,estimated_regression,0.1860465116279069,78.64009390313156,420.0,1500.0,31.0,50.0,Drought,WebPlotDigitizer,2.2462961255592915,176.58003010623045,117.91412634582956,6179.440529733447,1,0,1
Karavolias2024,10.1111/pbi.14464,Fig1b_2a_2b_4b,Kitaake,OsSTOMAGEN,CDS_KO,Stomagen,79.08872901678657,369.736211031175,78.60941756388637,15.40806641961958,estimated_regression,0.2030411449016099,75.88642404024097,420.0,1500.0,31.0,50.0,Drought,WebPlotDigitizer,2.2462961255592915,176.58003010623045,117.91412634582956,6179.440529733447,1,0,1
Karavolias2024,10.1111/pbi.14464,Fig1b_2a_2b_4b,Kitaake,OsSTOMAGEN,CDS_KO,Stomagen,79.08872901678657,369.736211031175,78.60941756388637,14.71254159475296,estimated_regression,0.1878354203935598,78.32676906158963,420.0,1500.0,31.0,50.0,Drought,WebPlotDigitizer,2.2462961255592915,176.58003010623045,117.91412634582956,6179.440529733447,1,0,1
Karavolias2024,10.1111/pbi.14464,Fig1b_2a_2b_4a,Kitaake,OsSTOMAGEN,Promoter_Edit,Allele 1,264.34852118305355,369.736211031175,28.503480780040636,16.664724876838633,digitized_genotype_mean,0.1254826254826254,132.80503824926797,420.0,1500.0,29.0,60.0,Well_Watered,WebPlotDigitizer,1.6022710400343683,45.67030179403534,42.755221170060956,812.448416578146,0,0,1
Karavolias2024,10.1111/pbi.14464,Fig1b_2a_2b_4a,Kitaake,OsSTOMAGEN,Promoter_Edit,Allele 1,264.34852118305355,369.736211031175,28.503480780040636,16.664724876838633,digitized_genotype_mean,0.1332046332046332,125.10619545220888,420.0,1500.0,29.0,60.0,Well_Watered,WebPlotDigitizer,1.6022710400343683,45.67030179403534,42.755221170060956,812.448416578146,0,0,1
Karavolias2024,10.1111/pbi.14464,Fig1b_2a_2b_4a,Kitaake,OsSTOMAGEN,Promoter_Edit,Allele 1,264.34852118305355,369.736211031175,28.503480780040636,16.664724876838633,digitized_genotype_mean,0.1611969111969111,103.38116749943016,420.0,1500.0,29.0,60.0,Well_Watered,WebPlotDigitizer,1.6022710400343683,45.67030179403534,42.755221170060956,812.448416578146,0,0,1
Karavolias2024,10.1111/pbi.14464,Fig1b_2a_2b_4a,Kitaake,OsSTOMAGEN,Promoter_Edit,Allele 1,264.34852118305355,369.736211031175,28.503480780040636,16.664724876838633,digitized_genotype_mean,0.2538610038610038,65.64507594070277,420.0,1500.0,29.0,60.0,Well_Watered,WebPlotDigitizer,1.6022710400343683,45.67030179403534,42.755221170060956,812.448416578146,0,0,1
Karavolias2024,10.1111/pbi.14464,Fig1b_2a_2b_4a,Kitaake,OsSTOMAGEN,Promoter_Edit,Allele 1,264.34852118305355,369.736211031175,28.503480780040636,16.664724876838633,digitized_genotype_mean,0.2702702702702702,61.65948204430296,420.0,1500.0,29.0,60.0,Well_Watered,WebPlotDigitizer,1.6022710400343683,45.67030179403534,42.755221170060956,812.448416578146,0,0,1
Karavolias2024,10.1111/pbi.14464,Fig1b_2a_2b_4a,Kitaake,OsSTOMAGEN,Promoter_Edit,Allele 1,264.34852118305355,369.736211031175,28.503480780040636,16.664724876838633,digitized_genotype_mean,0.2789575289575289,59.73929056195442,420.0,1500.0,29.0,60.0,Well_Watered,WebPlotDigitizer,1.6022710400343683,45.67030179403534,42.755221170060956,812.448416578146,0,0,1
Karavolias2024,10.1111/pbi.14464,Fig1b_2a_2b_4a,Kitaake,OsSTOMAGEN,Promoter_Edit,Allele 1,264.34852118305355,369.736211031175,28.503480780040636,16.664724876838633,digitized_genotype_mean,0.3156370656370656,52.797110007354206,420.0,1500.0,29.0,60.0,Well_Watered,WebPlotDigitizer,1.6022710400343683,45.67030179403534,42.755221170060956,812.448416578146,0,0,1
Karavolias2024,10.1111/pbi.14464,Fig1b_2a_2b_4a,Kitaake,OsSTOMAGEN,Promoter_Edit,Allele 1,264.34852118305355,369.736211031175,28.503480780040636,16.664724876838633,digitized_genotype_mean,0.3812741312741312,43.70798727191096,420.0,1500.0,29.0,60.0,Well_Watered,WebPlotDigitizer,1.6022710400343683,45.67030179403534,42.755221170060956,812.448416578146,0,0,1
Karavolias2024,10.1111/pbi.14464,Fig1b_2a_2b_4b,Kitaake,OsSTOMAGEN,Promoter_Edit,Allele 1,264.34852118305355,369.736211031175,28.503480780040636,9.925694270670956,estimated_regression,0.0831842576028622,119.32178703881866,420.0,1500.0,31.0,50.0,Drought,WebPlotDigitizer,2.2462961255592915,64.027258441159,42.755221170060956,812.448416578146,1,0,1
Karavolias2024,10.1111/pbi.14464,Fig1b_2a_2b_4b,Kitaake,OsSTOMAGEN,Promoter_Edit,Allele 1,264.34852118305355,369.736211031175,28.503480780040636,11.071264570451264,estimated_regression,0.1082289803220035,102.2948247087977,420.0,1500.0,31.0,50.0,Drought,WebPlotDigitizer,2.2462961255592915,64.027258441159,42.755221170060956,812.448416578146,1,0,1
Karavolias2024,10.1111/pbi.14464,Fig1b_2a_2b_4b,Kitaake,OsSTOMAGEN,Promoter_Edit,Allele 1,264.34852118305355,369.736211031175,28.503480780040636,12.78962002012173,estimated_regression,0.1457960644007155,87.72266983126443,420.0,1500.0,31.0,50.0,Drought,WebPlotDigitizer,2.2462961255592915,64.027258441159,42.755221170060956,812.448416578146,1,0,1
Karavolias2024,10.1111/pbi.14464,Fig1b_2a_2b_4b,Kitaake,OsSTOMAGEN,Promoter_Edit,Allele 1,264.34852118305355,369.736211031175,28.503480780040636,13.23966549503542,estimated_regression,0.1556350626118067,85.06865530718166,420.0,1500.0,31.0,50.0,Drought,WebPlotDigitizer,2.2462961255592915,64.027258441159,42.755221170060956,812.448416578146,1,0,1
Karavolias2024,10.1111/pbi.14464,Fig1b_2a_2b_4b,Kitaake,OsSTOMAGEN,Promoter_Edit,Allele 1,264.34852118305355,369.736211031175,28.503480780040636,14.262496119839271,estimated_regression,0.1779964221824686,80.12799327628298,420.0,1500.0,31.0,50.0,Drought,WebPlotDigitizer,2.2462961255592915,64.027258441159,42.755221170060956,812.448416578146,1,0,1
Karavolias2024,10.1111/pbi.14464,Fig1b_2a_2b_4b,Kitaake,OsSTOMAGEN,Promoter_Edit,Allele 1,264.34852118305355,369.736211031175,28.503480780040636,16.02176479450189,estimated_regression,0.2164579606440071,74.01790512501289,420.0,1500.0,31.0,50.0,Drought,WebPlotDigitizer,2.2462961255592915,64.027258441159,42.755221170060956,812.448416578146,1,0,1
Karavolias2024,10.1111/pbi.14464,Fig1b_2a_2b_4b,Kitaake,OsSTOMAGEN,Promoter_Edit,Allele 1,264.34852118305355,369.736211031175,28.503480780040636,16.75820284436066,estimated_regression,0.2325581395348836,72.06027223075087,420.0,1500.0,31.0,50.0,Drought,WebPlotDigitizer,2.2462961255592915,64.027258441159,42.755221170060956,812.448416578146,1,0,1
Karavolias2024,10.1111/pbi.14464,Fig1b_2a_2b_4b,Kitaake,OsSTOMAGEN,Promoter_Edit,Allele 1,264.34852118305355,369.736211031175,28.503480780040636,18.10833926910174,estimated_regression,0.2620751341681573,69.09598396879097,420.0,1500.0,31.0,50.0,Drought,WebPlotDigitizer,2.2462961255592915,64.027258441159,42.755221170060956,812.448416578146,1,0,1
Karavolias2024,10.1111/pbi.14464,Fig1b_2a_2b_4a,Kitaake,OsSTOMAGEN,Promoter_Edit,Allele 2,323.8848920863309,369.736211031175,12.401089635490967,18.38340974945889,digitized_genotype_mean,0.0955598455598455,192.37588384282247,420.0,1500.0,29.0,60.0,Well_Watered,WebPlotDigitizer,1.6022710400343683,19.869906787817538,18.60163445323645,153.7870241474815,0,0,1
Karavolias2024,10.1111/pbi.14464,Fig1b_2a_2b_4a,Kitaake,OsSTOMAGEN,Promoter_Edit,Allele 2,323.8848920863309,369.736211031175,12.401089635490967,18.38340974945889,digitized_genotype_mean,0.1737451737451737,105.80673611355232,420.0,1500.0,29.0,60.0,Well_Watered,WebPlotDigitizer,1.6022710400343683,19.869906787817538,18.60163445323645,153.7870241474815,0,0,1
Karavolias2024,10.1111/pbi.14464,Fig1b_2a_2b_4a,Kitaake,OsSTOMAGEN,Promoter_Edit,Allele 2,323.8848920863309,369.736211031175,12.401089635490967,18.38340974945889,digitized_genotype_mean,0.2384169884169884,77.10612348356037,420.0,1500.0,29.0,60.0,Well_Watered,WebPlotDigitizer,1.6022710400343683,19.869906787817538,18.60163445323645,153.7870241474815,0,0,1
Karavolias2024,10.1111/pbi.14464,Fig1b_2a_2b_4a,Kitaake,OsSTOMAGEN,Promoter_Edit,Allele 2,323.8848920863309,369.736211031175,12.401089635490967,18.38340974945889,digitized_genotype_mean,0.2934362934362934,62.64872533039281,420.0,1500.0,29.0,60.0,Well_Watered,WebPlotDigitizer,1.6022710400343683,19.869906787817538,18.60163445323645,153.7870241474815,0,0,1
Karavolias2024,10.1111/pbi.14464,Fig1b_2a_2b_4a,Kitaake,OsSTOMAGEN,Promoter_Edit,Allele 2,323.8848920863309,369.736211031175,12.401089635490967,18.38340974945889,digitized_genotype_mean,0.3166023166023165,58.064672257437245,420.0,1500.0,29.0,60.0,Well_Watered,WebPlotDigitizer,1.6022710400343683,19.869906787817538,18.60163445323645,153.7870241474815,0,0,1
Karavolias2024,10.1111/pbi.14464,Fig1b_2a_2b_4a,Kitaake,OsSTOMAGEN,Promoter_Edit,Allele 2,323.8848920863309,369.736211031175,12.401089635490967,18.38340974945889,digitized_genotype_mean,0.3513513513513513,52.32201236384454,420.0,1500.0,29.0,60.0,Well_Watered,WebPlotDigitizer,1.6022710400343683,19.869906787817538,18.60163445323645,153.7870241474815,0,0,1
Karavolias2024,10.1111/pbi.14464,Fig1b_2a_2b_4a,Kitaake,OsSTOMAGEN,Promoter_Edit,Allele 2,323.8848920863309,369.736211031175,12.401089635490967,18.38340974945889,digitized_genotype_mean,0.36003861003861,51.05955093951586,420.0,1500.0,29.0,60.0,Well_Watered,WebPlotDigitizer,1.6022710400343683,19.869906787817538,18.60163445323645,153.7870241474815,0,0,1
Karavolias2024,10.1111/pbi.14464,Fig1b_2a_2b_4a,Kitaake,OsSTOMAGEN,Promoter_Edit,Allele 2,323.8848920863309,369.736211031175,12.401089635490967,18.38340974945889,digitized_genotype_mean,0.4276061776061776,42.991450339592355,420.0,1500.0,29.0,60.0,Well_Watered,WebPlotDigitizer,1.6022710400343683,19.869906787817538,18.60163445323645,153.7870241474815,0,0,1
Karavolias2024,10.1111/pbi.14464,Fig1b_2a_2b_4b,Kitaake,OsSTOMAGEN,Promoter_Edit,Allele 2,323.8848920863309,369.736211031175,12.401089635490967,11.071264570451264,estimated_regression,0.1082289803220035,102.2948247087977,420.0,1500.0,31.0,50.0,Drought,WebPlotDigitizer,2.2462961255592915,27.856519600916847,18.60163445323645,153.7870241474815,1,0,1
Karavolias2024,10.1111/pbi.14464,Fig1b_2a_2b_4b,Kitaake,OsSTOMAGEN,Promoter_Edit,Allele 2,323.8848920863309,369.736211031175,12.401089635490967,12.994186145082502,estimated_regression,0.1502683363148479,86.47321494168,420.0,1500.0,31.0,50.0,Drought,WebPlotDigitizer,2.2462961255592915,27.856519600916847,18.60163445323645,153.7870241474815,1,0,1
Karavolias2024,10.1111/pbi.14464,Fig1b_2a_2b_4b,Kitaake,OsSTOMAGEN,Promoter_Edit,Allele 2,323.8848920863309,369.736211031175,12.401089635490967,13.976103544894194,estimated_regression,0.1717352415026833,81.38168626662352,420.0,1500.0,31.0,50.0,Drought,WebPlotDigitizer,2.2462961255592915,27.856519600916847,18.60163445323645,153.7870241474815,1,0,1
Karavolias2024,10.1111/pbi.14464,Fig1b_2a_2b_4b,Kitaake,OsSTOMAGEN,Promoter_Edit,Allele 2,323.8848920863309,369.736211031175,12.401089635490967,15.367153194627424,estimated_regression,0.2021466905187834,76.0198109362543,420.0,1500.0,31.0,50.0,Drought,WebPlotDigitizer,2.2462961255592915,27.856519600916847,18.60163445323645,153.7870241474815,1,0,1
Karavolias2024,10.1111/pbi.14464,Fig1b_2a_2b_4b,Kitaake,OsSTOMAGEN,Promoter_Edit,Allele 2,323.8848920863309,369.736211031175,12.401089635490967,15.53080609459604,estimated_regression,0.2057245080500893,75.49322266851472,420.0,1500.0,31.0,50.0,Drought,WebPlotDigitizer,2.2462961255592915,27.856519600916847,18.60163445323645,153.7870241474815,1,0,1
Karavolias2024,10.1111/pbi.14464,Fig1b_2a_2b_4b,Kitaake,OsSTOMAGEN,Promoter_Edit,Allele 2,323.8848920863309,369.736211031175,12.401089635490967,16.471810269415585,estimated_regression,0.2262969588550983,72.78847383876139,420.0,1500.0,31.0,50.0,Drought,WebPlotDigitizer,2.2462961255592915,27.856519600916847,18.60163445323645,153.7870241474815,1,0,1
Karavolias2024,10.1111/pbi.14464,Fig1b_2a_2b_4b,Kitaake,OsSTOMAGEN,Promoter_Edit,Allele 2,323.8848920863309,369.736211031175,12.401089635490967,18.51747151902328,estimated_regression,0.2710196779964221,68.32519194147866,420.0,1500.0,31.0,50.0,Drought,WebPlotDigitizer,2.2462961255592915,27.856519600916847,18.60163445323645,153.7870241474815,1,0,1
Karavolias2024,10.1111/pbi.14464,Fig1b_2a_2b_4b,Kitaake,OsSTOMAGEN,Promoter_Edit,Allele 2,323.8848920863309,369.736211031175,12.401089635490967,20.84952534357605,estimated_regression,0.3220035778175312,64.74935926143898,420.0,1500.0,31.0,50.0,Drought,WebPlotDigitizer,2.2462961255592915,27.856519600916847,18.60163445323645,153.7870241474815,1,0,1
Karavolias2024,10.1111/pbi.14464,Fig1b_2a_2b_4a,Kitaake,OsSTOMAGEN,Promoter_Edit,Allele 3,334.82014388489205,369.736211031175,9.443507588532883,17.461093060277513,digitized_genotype_mean,0.1737451737451737,100.49829116915282,420.0,1500.0,29.0,60.0,Well_Watered,WebPlotDigitizer,1.6022710400343683,15.131058725451032,14.165261382799324,89.17983557467815,0,0,1
Karavolias2024,10.1111/pbi.14464,Fig1b_2a_2b_4a,Kitaake,OsSTOMAGEN,Promoter_Edit,Allele 3,334.82014388489205,369.736211031175,9.443507588532883,17.461093060277513,digitized_genotype_mean,0.1891891891891892,92.29434903289544,420.0,1500.0,29.0,60.0,Well_Watered,WebPlotDigitizer,1.6022710400343683,15.131058725451032,14.165261382799324,89.17983557467815,0,0,1
Karavolias2024,10.1111/pbi.14464,Fig1b_2a_2b_4a,Kitaake,OsSTOMAGEN,Promoter_Edit,Allele 3,334.82014388489205,369.736211031175,9.443507588532883,17.461093060277513,digitized_genotype_mean,0.247104247104247,70.66286097831059,420.0,1500.0,29.0,60.0,Well_Watered,WebPlotDigitizer,1.6022710400343683,15.131058725451032,14.165261382799324,89.17983557467815,0,0,1
Karavolias2024,10.1111/pbi.14464,Fig1b_2a_2b_4a,Kitaake,OsSTOMAGEN,Promoter_Edit,Allele 3,334.82014388489205,369.736211031175,9.443507588532883,17.461093060277513,digitized_genotype_mean,0.276061776061776,63.25067276380247,420.0,1500.0,29.0,60.0,Well_Watered,WebPlotDigitizer,1.6022710400343683,15.131058725451032,14.165261382799324,89.17983557467815,0,0,1
Karavolias2024,10.1111/pbi.14464,Fig1b_2a_2b_4a,Kitaake,OsSTOMAGEN,Promoter_Edit,Allele 3,334.82014388489205,369.736211031175,9.443507588532883,17.461093060277513,digitized_genotype_mean,0.2828185328185328,61.73956454077646,420.0,1500.0,29.0,60.0,Well_Watered,WebPlotDigitizer,1.6022710400343683,15.131058725451032,14.165261382799324,89.17983557467815,0,0,1
Karavolias2024,10.1111/pbi.14464,Fig1b_2a_2b_4a,Kitaake,OsSTOMAGEN,Promoter_Edit,Allele 3,334.82014388489205,369.736211031175,9.443507588532883,17.461093060277513,digitized_genotype_mean,0.3243243243243243,53.83837026918901,420.0,1500.0,29.0,60.0,Well_Watered,WebPlotDigitizer,1.6022710400343683,15.131058725451032,14.165261382799324,89.17983557467815,0,0,1
Karavolias2024,10.1111/pbi.14464,Fig1b_2a_2b_4a,Kitaake,OsSTOMAGEN,Promoter_Edit,Allele 3,334.82014388489205,369.736211031175,9.443507588532883,17.461093060277513,digitized_genotype_mean,0.3388030888030888,51.537585214950155,420.0,1500.0,29.0,60.0,Well_Watered,WebPlotDigitizer,1.6022710400343683,15.131058725451032,14.165261382799324,89.17983557467815,0,0,1
Karavolias2024,10.1111/pbi.14464,Fig1b_2a_2b_4b,Kitaake,OsSTOMAGEN,Promoter_Edit,Allele 3,334.82014388489205,369.736211031175,9.443507588532883,12.053181970262958,estimated_regression,0.1296958855098389,92.9341892603724,420.0,1500.0,31.0,50.0,Drought,WebPlotDigitizer,2.2462961255592915,21.212914507811185,14.165261382799324,89.17983557467815,1,0,1
Karavolias2024,10.1111/pbi.14464,Fig1b_2a_2b_4b,Kitaake,OsSTOMAGEN,Promoter_Edit,Allele 3,334.82014388489205,369.736211031175,9.443507588532883,14.221582894847115,estimated_regression,0.1771019677996421,80.30166503252063,420.0,1500.0,31.0,50.0,Drought,WebPlotDigitizer,2.2462961255592915,21.212914507811185,14.165261382799324,89.17983557467815,1,0,1
Karavolias2024,10.1111/pbi.14464,Fig1b_2a_2b_4b,Kitaake,OsSTOMAGEN,Promoter_Edit,Allele 3,334.82014388489205,369.736211031175,9.443507588532883,14.13975644486281,estimated_regression,0.1753130590339892,80.65432502732973,420.0,1500.0,31.0,50.0,Drought,WebPlotDigitizer,2.2462961255592915,21.212914507811185,14.165261382799324,89.17983557467815,1,0,1
Karavolias2024,10.1111/pbi.14464,Fig1b_2a_2b_4b,Kitaake,OsSTOMAGEN,Promoter_Edit,Allele 3,334.82014388489205,369.736211031175,9.443507588532883,14.426149019807886,estimated_regression,0.1815742397137745,79.4504167691883,420.0,1500.0,31.0,50.0,Drought,WebPlotDigitizer,2.2462961255592915,21.212914507811185,14.165261382799324,89.17983557467815,1,0,1
Karavolias2024,10.1111/pbi.14464,Fig1b_2a_2b_4b,Kitaake,OsSTOMAGEN,Promoter_Edit,Allele 3,334.82014388489205,369.736211031175,9.443507588532883,16.96276896932143,estimated_regression,0.237030411449016,71.56368191585422,420.0,1500.0,31.0,50.0,Drought,WebPlotDigitizer,2.2462961255592915,21.212914507811185,14.165261382799324,89.17983557467815,1,0,1
Karavolias2024,10.1111/pbi.14464,Fig1b_2a_2b_4b,Kitaake,OsSTOMAGEN,Promoter_Edit,Allele 3,334.82014388489205,369.736211031175,9.443507588532883,18.80386409396835,estimated_regression,0.2772808586762074,67.81522599050525,420.0,1500.0,31.0,50.0,Drought,WebPlotDigitizer,2.2462961255592915,21.212914507811185,14.165261382799324,89.17983557467815,1,0,1
Karavolias2024,10.1111/pbi.14464,Fig1b_2a_2b_4b,Kitaake,OsSTOMAGEN,Promoter_Edit,Allele 3,334.82014388489205,369.736211031175,9.443507588532883,21.09500469352897,estimated_regression,0.32737030411449,64.4377465775011,420.0,1500.0,31.0,50.0,Drought,WebPlotDigitizer,2.2462961255592915,21.212914507811185,14.165261382799324,89.17983557467815,1,0,1
Karavolias2024,10.1111/pbi.14464,Fig1b_2a_2b_4a,Kitaake,OsSTOMAGEN,Promoter_Edit,Allele 4,352.27817745803355,369.736211031175,4.721753794266437,19.881534080922417,digitized_genotype_mean,0.1457528957528957,136.405757005534,420.0,1500.0,29.0,60.0,Well_Watered,WebPlotDigitizer,1.6022710400343683,7.565529362725509,7.082630691399656,22.294958893669495,0,0,1
Karavolias2024,10.1111/pbi.14464,Fig1b_2a_2b_4a,Kitaake,OsSTOMAGEN,Promoter_Edit,Allele 4,352.27817745803355,369.736211031175,4.721753794266437,19.881534080922417,digitized_genotype_mean,0.1718146718146718,115.7149961114361,420.0,1500.0,29.0,60.0,Well_Watered,WebPlotDigitizer,1.6022710400343683,7.565529362725509,7.082630691399656,22.294958893669495,0,0,1
Karavolias2024,10.1111/pbi.14464,Fig1b_2a_2b_4a,Kitaake,OsSTOMAGEN,Promoter_Edit,Allele 4,352.27817745803355,369.736211031175,4.721753794266437,19.881534080922417,digitized_genotype_mean,0.1978764478764478,100.47448442846652,420.0,1500.0,29.0,60.0,Well_Watered,WebPlotDigitizer,1.6022710400343683,7.565529362725509,7.082630691399656,22.294958893669495,0,0,1
Karavolias2024,10.1111/pbi.14464,Fig1b_2a_2b_4a,Kitaake,OsSTOMAGEN,Promoter_Edit,Allele 4,352.27817745803355,369.736211031175,4.721753794266437,19.881534080922417,digitized_genotype_mean,0.3638996138996138,54.6346665990335,420.0,1500.0,29.0,60.0,Well_Watered,WebPlotDigitizer,1.6022710400343683,7.565529362725509,7.082630691399656,22.294958893669495,0,0,1
Karavolias2024,10.1111/pbi.14464,Fig1b_2a_2b_4a,Kitaake,OsSTOMAGEN,Promoter_Edit,Allele 4,352.27817745803355,369.736211031175,4.721753794266437,19.881534080922417,digitized_genotype_mean,0.3754826254826254,52.949278426312674,420.0,1500.0,29.0,60.0,Well_Watered,WebPlotDigitizer,1.6022710400343683,7.565529362725509,7.082630691399656,22.294958893669495,0,0,1
Karavolias2024,10.1111/pbi.14464,Fig1b_2a_2b_4a,Kitaake,OsSTOMAGEN,Promoter_Edit,Allele 4,352.27817745803355,369.736211031175,4.721753794266437,19.881534080922417,digitized_genotype_mean,0.3996138996138996,49.75185823148702,420.0,1500.0,29.0,60.0,Well_Watered,WebPlotDigitizer,1.6022710400343683,7.565529362725509,7.082630691399656,22.294958893669495,0,0,1
Karavolias2024,10.1111/pbi.14464,Fig1b_2a_2b_4a,Kitaake,OsSTOMAGEN,Promoter_Edit,Allele 4,352.27817745803355,369.736211031175,4.721753794266437,19.881534080922417,digitized_genotype_mean,0.4102316602316602,48.464163077260295,420.0,1500.0,29.0,60.0,Well_Watered,WebPlotDigitizer,1.6022710400343683,7.565529362725509,7.082630691399656,22.294958893669495,0,0,1
Karavolias2024,10.1111/pbi.14464,Fig1b_2a_2b_4b,Kitaake,OsSTOMAGEN,Promoter_Edit,Allele 4,352.27817745803355,369.736211031175,4.721753794266437,10.4166529705768,estimated_regression,0.0939177101967798,110.91255258195125,420.0,1500.0,31.0,50.0,Drought,WebPlotDigitizer,2.2462961255592915,10.606457253905582,7.082630691399656,22.294958893669495,1,0,1
Karavolias2024,10.1111/pbi.14464,Fig1b_2a_2b_4b,Kitaake,OsSTOMAGEN,Promoter_Edit,Allele 4,352.27817745803355,369.736211031175,4.721753794266437,13.648797744956962,estimated_regression,0.1645796064400715,82.93128195033636,420.0,1500.0,31.0,50.0,Drought,WebPlotDigitizer,2.2462961255592915,10.606457253905582,7.082630691399656,22.294958893669495,1,0,1
Karavolias2024,10.1111/pbi.14464,Fig1b_2a_2b_4b,Kitaake,OsSTOMAGEN,Promoter_Edit,Allele 4,352.27817745803355,369.736211031175,4.721753794266437,14.18066966985496,estimated_regression,0.1762075134168156,80.47709995379623,420.0,1500.0,31.0,50.0,Drought,WebPlotDigitizer,2.2462961255592915,10.606457253905582,7.082630691399656,22.294958893669495,1,0,1
Karavolias2024,10.1111/pbi.14464,Fig1b_2a_2b_4b,Kitaake,OsSTOMAGEN,Promoter_Edit,Allele 4,352.27817745803355,369.736211031175,4.721753794266437,16.84002929434497,estimated_regression,0.2343470483005366,71.85936164533466,420.0,1500.0,31.0,50.0,Drought,WebPlotDigitizer,2.2462961255592915,10.606457253905582,7.082630691399656,22.294958893669495,1,0,1
Karavolias2024,10.1111/pbi.14464,Fig1b_2a_2b_4b,Kitaake,OsSTOMAGEN,Promoter_Edit,Allele 4,352.27817745803355,369.736211031175,4.721753794266437,16.635463169384195,estimated_regression,0.2298747763864042,72.36750125825502,420.0,1500.0,31.0,50.0,Drought,WebPlotDigitizer,2.2462961255592915,10.606457253905582,7.082630691399656,22.294958893669495,1,0,1
Karavolias2024,10.1111/pbi.14464,Fig1b_2a_2b_4b,Kitaake,OsSTOMAGEN,Promoter_Edit,Allele 4,352.27817745803355,369.736211031175,4.721753794266437,19.172083118897746,estimated_regression,0.2853309481216457,67.19244177720276,420.0,1500.0,31.0,50.0,Drought,WebPlotDigitizer,2.2462961255592915,10.606457253905582,7.082630691399656,22.294958893669495,1,0,1
Karavolias2024,10.1111/pbi.14464,Fig1b_2a_2b_4a,Kitaake,OsSTOMAGEN,WT,Wild Type,369.736211031175,369.736211031175,0.0,20.63458863349889,digitized_genotype_mean,0.2027027027027026,101.79730392526125,420.0,1500.0,29.0,60.0,Well_Watered,WebPlotDigitizer,1.6022710400343683,0.0,0.0,0.0,0,0,1
Karavolias2024,10.1111/pbi.14464,Fig1b_2a_2b_4a,Kitaake,OsSTOMAGEN,WT,Wild Type,369.736211031175,369.736211031175,0.0,20.63458863349889,digitized_genotype_mean,0.2133204633204632,96.73046979323468,420.0,1500.0,29.0,60.0,Well_Watered,WebPlotDigitizer,1.6022710400343683,0.0,0.0,0.0,0,0,1
Karavolias2024,10.1111/pbi.14464,Fig1b_2a_2b_4a,Kitaake,OsSTOMAGEN,WT,Wild Type,369.736211031175,369.736211031175,0.0,20.63458863349889,digitized_genotype_mean,0.2451737451737451,84.16312529253881,420.0,1500.0,29.0,60.0,Well_Watered,WebPlotDigitizer,1.6022710400343683,0.0,0.0,0.0,0,0,1
Karavolias2024,10.1111/pbi.14464,Fig1b_2a_2b_4a,Kitaake,OsSTOMAGEN,WT,Wild Type,369.736211031175,369.736211031175,0.0,20.63458863349889,digitized_genotype_mean,0.25,82.53835453399556,420.0,1500.0,29.0,60.0,Well_Watered,WebPlotDigitizer,1.6022710400343683,0.0,0.0,0.0,0,0,1
Karavolias2024,10.1111/pbi.14464,Fig1b_2a_2b_4a,Kitaake,OsSTOMAGEN,WT,Wild Type,369.736211031175,369.736211031175,0.0,20.63458863349889,digitized_genotype_mean,0.3542471042471042,58.24913848584429,420.0,1500.0,29.0,60.0,Well_Watered,WebPlotDigitizer,1.6022710400343683,0.0,0.0,0.0,0,0,1
Karavolias2024,10.1111/pbi.14464,Fig1b_2a_2b_4a,Kitaake,OsSTOMAGEN,WT,Wild Type,369.736211031175,369.736211031175,0.0,20.63458863349889,digitized_genotype_mean,0.3629343629343629,56.854877192300144,420.0,1500.0,29.0,60.0,Well_Watered,WebPlotDigitizer,1.6022710400343683,0.0,0.0,0.0,0,0,1
Karavolias2024,10.1111/pbi.14464,Fig1b_2a_2b_4a,Kitaake,OsSTOMAGEN,WT,Wild Type,369.736211031175,369.736211031175,0.0,20.63458863349889,digitized_genotype_mean,0.3793436293436293,54.39550591426171,420.0,1500.0,29.0,60.0,Well_Watered,WebPlotDigitizer,1.6022710400343683,0.0,0.0,0.0,0,0,1
Karavolias2024,10.1111/pbi.14464,Fig1b_2a_2b_4a,Kitaake,OsSTOMAGEN,WT,Wild Type,369.736211031175,369.736211031175,0.0,20.63458863349889,digitized_genotype_mean,0.390926640926641,52.78378722050579,420.0,1500.0,29.0,60.0,Well_Watered,WebPlotDigitizer,1.6022710400343683,0.0,0.0,0.0,0,0,1
Karavolias2024,10.1111/pbi.14464,Fig1b_2a_2b_4b,Kitaake,OsSTOMAGEN,WT,Wild Type,369.736211031175,369.736211031175,0.0,12.912359695098193,estimated_regression,0.1484794275491949,86.96396469349268,420.0,1500.0,31.0,50.0,Drought,WebPlotDigitizer,2.2462961255592915,0.0,0.0,0.0,1,0,1
Karavolias2024,10.1111/pbi.14464,Fig1b_2a_2b_4b,Kitaake,OsSTOMAGEN,WT,Wild Type,369.736211031175,369.736211031175,0.0,13.93519031990204,estimated_regression,0.1708407871198568,81.56828679398161,420.0,1500.0,31.0,50.0,Drought,WebPlotDigitizer,2.2462961255592915,0.0,0.0,0.0,1,0,1
Karavolias2024,10.1111/pbi.14464,Fig1b_2a_2b_4b,Kitaake,OsSTOMAGEN,WT,Wild Type,369.736211031175,369.736211031175,0.0,14.46706224480004,estimated_regression,0.182468694096601,79.28517445924732,420.0,1500.0,31.0,50.0,Drought,WebPlotDigitizer,2.2462961255592915,0.0,0.0,0.0,1,0,1
Karavolias2024,10.1111/pbi.14464,Fig1b_2a_2b_4b,Kitaake,OsSTOMAGEN,WT,Wild Type,369.736211031175,369.736211031175,0.0,16.471810269415585,estimated_regression,0.2262969588550983,72.78847383876139,420.0,1500.0,31.0,50.0,Drought,WebPlotDigitizer,2.2462961255592915,0.0,0.0,0.0,1,0,1
Karavolias2024,10.1111/pbi.14464,Fig1b_2a_2b_4b,Kitaake,OsSTOMAGEN,WT,Wild Type,369.736211031175,369.736211031175,0.0,17.126421869290045,estimated_regression,0.2406082289803219,71.17970130061813,420.0,1500.0,31.0,50.0,Drought,WebPlotDigitizer,2.2462961255592915,0.0,0.0,0.0,1,0,1
Karavolias2024,10.1111/pbi.14464,Fig1b_2a_2b_4b,Kitaake,OsSTOMAGEN,WT,Wild Type,369.736211031175,369.736211031175,0.0,17.249161544266506,estimated_regression,0.2432915921288013,70.89912722974252,420.0,1500.0,31.0,50.0,Drought,WebPlotDigitizer,2.2462961255592915,0.0,0.0,0.0,1,0,1
Karavolias2024,10.1111/pbi.14464,Fig1b_2a_2b_4b,Kitaake,OsSTOMAGEN,WT,Wild Type,369.736211031175,369.736211031175,0.0,19.131169893905582,estimated_regression,0.2844364937388192,67.25989918674986,420.0,1500.0,31.0,50.0,Drought,WebPlotDigitizer,2.2462961255592915,0.0,0.0,0.0,1,0,1
Karavolias2024,10.1111/pbi.14464,Fig1b_2a_2b_4a,Kitaake,OsSTOMAGEN,Promoter_Edit,Allele 5,386.23501199040766,369.736211031175,-4.46231677260347,23.102410999904585,digitized_genotype_mean,0.2615830115830115,88.31770404391571,420.0,1500.0,29.0,60.0,Well_Watered,WebPlotDigitizer,1.6022710400343683,-7.149840936202167,-6.693475158905205,19.912270979058246,0,0,1
Karavolias2024,10.1111/pbi.14464,Fig1b_2a_2b_4a,Kitaake,OsSTOMAGEN,Promoter_Edit,Allele 5,386.23501199040766,369.736211031175,-4.46231677260347,23.102410999904585,digitized_genotype_mean,0.304054054054054,75.98126284413065,420.0,1500.0,29.0,60.0,Well_Watered,WebPlotDigitizer,1.6022710400343683,-7.149840936202167,-6.693475158905205,19.912270979058246,0,0,1
Karavolias2024,10.1111/pbi.14464,Fig1b_2a_2b_4a,Kitaake,OsSTOMAGEN,Promoter_Edit,Allele 5,386.23501199040766,369.736211031175,-4.46231677260347,23.102410999904585,digitized_genotype_mean,0.3474903474903474,66.48360498861432,420.0,1500.0,29.0,60.0,Well_Watered,WebPlotDigitizer,1.6022710400343683,-7.149840936202167,-6.693475158905205,19.912270979058246,0,0,1
Karavolias2024,10.1111/pbi.14464,Fig1b_2a_2b_4a,Kitaake,OsSTOMAGEN,Promoter_Edit,Allele 5,386.23501199040766,369.736211031175,-4.46231677260347,23.102410999904585,digitized_genotype_mean,0.358108108108108,64.51239298086566,420.0,1500.0,29.0,60.0,Well_Watered,WebPlotDigitizer,1.6022710400343683,-7.149840936202167,-6.693475158905205,19.912270979058246,0,0,1
Karavolias2024,10.1111/pbi.14464,Fig1b_2a_2b_4a,Kitaake,OsSTOMAGEN,Promoter_Edit,Allele 5,386.23501199040766,369.736211031175,-4.46231677260347,23.102410999904585,digitized_genotype_mean,0.4285714285714285,53.90562566644404,420.0,1500.0,29.0,60.0,Well_Watered,WebPlotDigitizer,1.6022710400343683,-7.149840936202167,-6.693475158905205,19.912270979058246,0,0,1
Karavolias2024,10.1111/pbi.14464,Fig1b_2a_2b_4a,Kitaake,OsSTOMAGEN,Promoter_Edit,Allele 5,386.23501199040766,369.736211031175,-4.46231677260347,23.102410999904585,digitized_genotype_mean,0.441119691119691,52.37220524267211,420.0,1500.0,29.0,60.0,Well_Watered,WebPlotDigitizer,1.6022710400343683,-7.149840936202167,-6.693475158905205,19.912270979058246,0,0,1
Karavolias2024,10.1111/pbi.14464,Fig1b_2a_2b_4a,Kitaake,OsSTOMAGEN,Promoter_Edit,Allele 5,386.23501199040766,369.736211031175,-4.46231677260347,23.102410999904585,digitized_genotype_mean,0.4517374517374517,51.14123460662639,420.0,1500.0,29.0,60.0,Well_Watered,WebPlotDigitizer,1.6022710400343683,-7.149840936202167,-6.693475158905205,19.912270979058246,0,0,1
Karavolias2024,10.1111/pbi.14464,Fig1b_2a_2b_4b,Kitaake,OsSTOMAGEN,Promoter_Edit,Allele 5,386.23501199040766,369.736211031175,-4.46231677260347,11.153091020435571,estimated_regression,0.1100178890876564,101.37525008818686,420.0,1500.0,31.0,50.0,Drought,WebPlotDigitizer,2.2462961255592915,-10.023684877317416,-6.693475158905205,19.912270979058246,1,0,1
Karavolias2024,10.1111/pbi.14464,Fig1b_2a_2b_4b,Kitaake,OsSTOMAGEN,Promoter_Edit,Allele 5,386.23501199040766,369.736211031175,-4.46231677260347,11.766789395317875,estimated_regression,0.1234347048300535,95.32804742003916,420.0,1500.0,31.0,50.0,Drought,WebPlotDigitizer,2.2462961255592915,-10.023684877317416,-6.693475158905205,19.912270979058246,1,0,1
Karavolias2024,10.1111/pbi.14464,Fig1b_2a_2b_4b,Kitaake,OsSTOMAGEN,Promoter_Edit,Allele 5,386.23501199040766,369.736211031175,-4.46231677260347,11.275830695412036,estimated_regression,0.1127012522361359,100.05062474183066,420.0,1500.0,31.0,50.0,Drought,WebPlotDigitizer,2.2462961255592915,-10.023684877317416,-6.693475158905205,19.912270979058246,1,0,1
Karavolias2024,10.1111/pbi.14464,Fig1b_2a_2b_4b,Kitaake,OsSTOMAGEN,Promoter_Edit,Allele 5,386.23501199040766,369.736211031175,-4.46231677260347,15.367153194627424,estimated_regression,0.2021466905187834,76.0198109362543,420.0,1500.0,31.0,50.0,Drought,WebPlotDigitizer,2.2462961255592915,-10.023684877317416,-6.693475158905205,19.912270979058246,1,0,1
Karavolias2024,10.1111/pbi.14464,Fig1b_2a_2b_4b,Kitaake,OsSTOMAGEN,Promoter_Edit,Allele 5,386.23501199040766,369.736211031175,-4.46231677260347,16.14450446947835,estimated_regression,0.2191413237924865,73.6716571301094,420.0,1500.0,31.0,50.0,Drought,WebPlotDigitizer,2.2462961255592915,-10.023684877317416,-6.693475158905205,19.912270979058246,1,0,1
Karavolias2024,10.1111/pbi.14464,Fig1b_2a_2b_4b,Kitaake,OsSTOMAGEN,Promoter_Edit,Allele 5,386.23501199040766,369.736211031175,-4.46231677260347,17.740120244172356,estimated_regression,0.2540250447227191,69.83610715839683,420.0,1500.0,31.0,50.0,Drought,WebPlotDigitizer,2.2462961255592915,-10.023684877317416,-6.693475158905205,19.912270979058246,1,0,1
Karavolias2024,10.1111/pbi.14464,Fig1b_2a_2b_4b,Kitaake,OsSTOMAGEN,Promoter_Edit,Allele 5,386.23501199040766,369.736211031175,-4.46231677260347,22.199661768317135,estimated_regression,0.3515205724508049,63.15323627729914,420.0,1500.0,31.0,50.0,Drought,WebPlotDigitizer,2.2462961255592915,-10.023684877317416,-6.693475158905205,19.912270979058246,1,0,1
Karavolias2024,10.1111/pbi.14464,Fig1b_2a_2b_4b,Kitaake,OsSTOMAGEN,Promoter_Edit,Allele 5,386.23501199040766,369.736211031175,-4.46231677260347,23.95893044297975,estimated_regression,0.3899821109123433,61.435973016631586,420.0,1500.0,31.0,50.0,Drought,WebPlotDigitizer,2.2462961255592915,-10.023684877317416,-6.693475158905205,19.912270979058246,1,0,1
Karavolias2024,10.1111/pbi.14464,Fig1b_2a_2b_4a,Kitaake,OsSTOMAGEN,Promoter_Edit,Allele 6,436.1151079136691,369.736211031175,-17.953041899079025,22.382726775105585,digitized_genotype_mean,0.1679536679536679,133.2672697644218,420.0,1500.0,29.0,60.0,Well_Watered,WebPlotDigitizer,1.6022710400343683,-28.76563911541794,-26.929562848618538,322.311713430087,0,0,1
Karavolias2024,10.1111/pbi.14464,Fig1b_2a_2b_4a,Kitaake,OsSTOMAGEN,Promoter_Edit,Allele 6,436.1151079136691,369.736211031175,-17.953041899079025,22.382726775105585,digitized_genotype_mean,0.2364864864864864,94.64695893473224,420.0,1500.0,29.0,60.0,Well_Watered,WebPlotDigitizer,1.6022710400343683,-28.76563911541794,-26.929562848618538,322.311713430087,0,0,1
Karavolias2024,10.1111/pbi.14464,Fig1b_2a_2b_4a,Kitaake,OsSTOMAGEN,Promoter_Edit,Allele 6,436.1151079136691,369.736211031175,-17.953041899079025,22.382726775105585,digitized_genotype_mean,0.3223938223938224,69.42666149404008,420.0,1500.0,29.0,60.0,Well_Watered,WebPlotDigitizer,1.6022710400343683,-28.76563911541794,-26.929562848618538,322.311713430087,0,0,1
Karavolias2024,10.1111/pbi.14464,Fig1b_2a_2b_4a,Kitaake,OsSTOMAGEN,Promoter_Edit,Allele 6,436.1151079136691,369.736211031175,-17.953041899079025,22.382726775105585,digitized_genotype_mean,0.333976833976834,67.01880040176123,420.0,1500.0,29.0,60.0,Well_Watered,WebPlotDigitizer,1.6022710400343683,-28.76563911541794,-26.929562848618538,322.311713430087,0,0,1
Karavolias2024,10.1111/pbi.14464,Fig1b_2a_2b_4a,Kitaake,OsSTOMAGEN,Promoter_Edit,Allele 6,436.1151079136691,369.736211031175,-17.953041899079025,22.382726775105585,digitized_genotype_mean,0.3648648648648648,61.345251161400505,420.0,1500.0,29.0,60.0,Well_Watered,WebPlotDigitizer,1.6022710400343683,-28.76563911541794,-26.929562848618538,322.311713430087,0,0,1
Karavolias2024,10.1111/pbi.14464,Fig1b_2a_2b_4a,Kitaake,OsSTOMAGEN,Promoter_Edit,Allele 6,436.1151079136691,369.736211031175,-17.953041899079025,22.382726775105585,digitized_genotype_mean,0.3696911196911197,60.54439931856237,420.0,1500.0,29.0,60.0,Well_Watered,WebPlotDigitizer,1.6022710400343683,-28.76563911541794,-26.929562848618538,322.311713430087,0,0,1
Karavolias2024,10.1111/pbi.14464,Fig1b_2a_2b_4a,Kitaake,OsSTOMAGEN,Promoter_Edit,Allele 6,436.1151079136691,369.736211031175,-17.953041899079025,22.382726775105585,digitized_genotype_mean,0.4498069498069498,49.760740212466494,420.0,1500.0,29.0,60.0,Well_Watered,WebPlotDigitizer,1.6022710400343683,-28.76563911541794,-26.929562848618538,322.311713430087,0,0,1
Karavolias2024,10.1111/pbi.14464,Fig1b_2a_2b_4a,Kitaake,OsSTOMAGEN,Promoter_Edit,Allele 6,436.1151079136691,369.736211031175,-17.953041899079025,22.382726775105585,digitized_genotype_mean,0.4739382239382239,47.22709763545701,420.0,1500.0,29.0,60.0,Well_Watered,WebPlotDigitizer,1.6022710400343683,-28.76563911541794,-26.929562848618538,322.311713430087,0,0,1
Karavolias2024,10.1111/pbi.14464,Fig1b_2a_2b_4b,Kitaake,OsSTOMAGEN,Promoter_Edit,Allele 6,436.1151079136691,369.736211031175,-17.953041899079025,11.153091020435571,estimated_regression,0.1100178890876564,101.37525008818686,420.0,1500.0,31.0,50.0,Drought,WebPlotDigitizer,2.2462961255592915,-40.327848459904835,-26.929562848618538,322.311713430087,1,0,1
Karavolias2024,10.1111/pbi.14464,Fig1b_2a_2b_4b,Kitaake,OsSTOMAGEN,Promoter_Edit,Allele 6,436.1151079136691,369.736211031175,-17.953041899079025,12.298661320215883,estimated_regression,0.1350626118067978,91.05896262252558,420.0,1500.0,31.0,50.0,Drought,WebPlotDigitizer,2.2462961255592915,-40.327848459904835,-26.929562848618538,322.311713430087,1,0,1
Karavolias2024,10.1111/pbi.14464,Fig1b_2a_2b_4b,Kitaake,OsSTOMAGEN,Promoter_Edit,Allele 6,436.1151079136691,369.736211031175,-17.953041899079025,12.094095195255116,estimated_regression,0.1305903398926654,92.6109481390084,420.0,1500.0,31.0,50.0,Drought,WebPlotDigitizer,2.2462961255592915,-40.327848459904835,-26.929562848618538,322.311713430087,1,0,1
Karavolias2024,10.1111/pbi.14464,Fig1b_2a_2b_4b,Kitaake,OsSTOMAGEN,Promoter_Edit,Allele 6,436.1151079136691,369.736211031175,-17.953041899079025,12.912359695098193,estimated_regression,0.1484794275491949,86.96396469349268,420.0,1500.0,31.0,50.0,Drought,WebPlotDigitizer,2.2462961255592915,-40.327848459904835,-26.929562848618538,322.311713430087,1,0,1
Karavolias2024,10.1111/pbi.14464,Fig1b_2a_2b_4b,Kitaake,OsSTOMAGEN,Promoter_Edit,Allele 6,436.1151079136691,369.736211031175,-17.953041899079025,15.121673844674502,estimated_regression,0.1967799642218246,76.84559708339137,420.0,1500.0,31.0,50.0,Drought,WebPlotDigitizer,2.2462961255592915,-40.327848459904835,-26.929562848618538,322.311713430087,1,0,1
Karavolias2024,10.1111/pbi.14464,Fig1b_2a_2b_4b,Kitaake,OsSTOMAGEN,Promoter_Edit,Allele 6,436.1151079136691,369.736211031175,-17.953041899079025,17.49464089421943,estimated_regression,0.2486583184257602,70.35614575445082,420.0,1500.0,31.0,50.0,Drought,WebPlotDigitizer,2.2462961255592915,-40.327848459904835,-26.929562848618538,322.311713430087,1,0,1
Karavolias2024,10.1111/pbi.14464,Fig1b_2a_2b_4b,Kitaake,OsSTOMAGEN,Promoter_Edit,Allele 6,436.1151079136691,369.736211031175,-17.953041899079025,23.140665943136675,estimated_regression,0.3720930232558139,62.19053972217982,420.0,1500.0,31.0,50.0,Drought,WebPlotDigitizer,2.2462961255592915,-40.327848459904835,-26.929562848618538,322.311713430087,1,0,1
